id,date,participant,session,trial,wind,init_site,plat_site,init_dist,end_dist,time_trial,time_block,fuel,presses,outcome,interruptions,forced,success,score,scoret2,scoret3
145,2020-10-14 08:16:39.889546+00:00,jold_ll -- tkarch,jold_ll.1.0,28,4.29,2,0,681.28,761.46,3.6,327.2,102,5,termination,0,TRUE,-10,73.78,77.38,106.18
144,2020-10-14 08:16:35.937909+00:00,jold_ll -- tkarch,jold_ll.1.0,27,-3.99,0,2,627.97,276.77,15.4,323.3,785,12,offscreen,0,TRUE,-10,356.6,372,495.2
143,2020-10-14 08:16:20.121820+00:00,jold_ll -- tkarch,jold_ll.1.0,26,3.57,0,2,751.66,102.85,27.5,307.4,1096,31,crash,0,TRUE,-10,666.31,693.81,913.81
142,2020-10-14 08:15:51.752809+00:00,jold_ll -- tkarch,jold_ll.1.0,25,4.27,0,2,712.75,443.94,11.4,279.1,349,11,offscreen,0,TRUE,-10,270.21,281.61,372.81
141,2020-10-14 08:15:39.857147+00:00,jold_ll -- tkarch,jold_ll.1.0,24,-3.93,2,0,681.96,73.56,17.8,267.2,578,24,crash,0,TRUE,-10,616.2,634,776.4
140,2020-10-14 08:15:22.033332+00:00,jold_ll -- tkarch,jold_ll.1.0,23,4.01,0,2,751.08,107.28,11.2,249.4,426,12,crash,0,TRUE,-10,645,656.2,745.8
139,2020-10-14 08:15:10.202214+00:00,jold_ll -- tkarch,jold_ll.1.0,22,3.55,2,0,703.94,473.88,16.5,237.5,740,17,offscreen,0,TRUE,-10,236.56,253.06,385.06
138,2020-10-14 08:14:53.660552+00:00,jold_ll -- tkarch,jold_ll.1.0,21,-3.56,2,0,677.29,220.98,7.2,221,385,8,offscreen,0,TRUE,-10,453.51,460.71,518.31
137,2020-10-14 08:14:46.077535+00:00,jold_ll -- tkarch,jold_ll.1.0,20,-3.75,2,0,709.41,118.06,8.9,213.4,414,8,crash,0,TRUE,-10,590.25,599.15,670.35
136,2020-10-14 08:14:36.629021+00:00,jold_ll -- tkarch,jold_ll.1.0,19,3.85,2,0,633.7,348.97,5.2,203.9,352,6,crash,0,TRUE,-10,279.93,285.13,326.73
135,2020-10-14 08:14:30.939331+00:00,jold_ll -- tkarch,jold_ll.1.0,18,-4.47,2,0,609.21,9.31,12.6,198.3,687,9,crash,0,TRUE,-10,602.5,615.1,715.9
134,2020-10-14 08:14:18.258456+00:00,jold_ll -- tkarch,jold_ll.1.0,17,3.67,0,2,608.36,403.94,9.8,185.6,269,16,offscreen,0,TRUE,-10,204.22,214.02,292.42
133,2020-10-14 08:14:08.055737+00:00,jold_ll -- tkarch,jold_ll.1.0,16,4.24,2,0,737.39,765.13,2.4,175.4,156,1,offscreen,0,TRUE,-10,20.14,22.54,41.74
132,2020-10-14 08:14:05.264740+00:00,jold_ll -- tkarch,jold_ll.1.0,15,4.13,0,2,579.4,424.03,39,172.6,1484,61,offscreen,0,TRUE,-10,184.37,223.37,535.37
131,2020-10-14 08:13:25.770468+00:00,jold_ll -- tkarch,jold_ll.1.0,14,4.29,2,0,747.02,841.12,2.8,133.1,79,4,offscreen,0,TRUE,-10,86.9,89.7,112.1
130,2020-10-14 08:13:22.468312+00:00,jold_ll -- tkarch,jold_ll.1.0,13,-4.33,2,0,598.51,32.51,17,129.8,461,21,crash,0,TRUE,-10,573,590,726
129,2020-10-14 08:13:04.276149+00:00,jold_ll -- tkarch,jold_ll.1.0,12,4.43,2,0,678.5,30.11,0,111.6,0,0,crash,0,TRUE,-10,638.39,638.39,638.39
128,2020-10-14 08:13:04.263854+00:00,jold_ll -- tkarch,jold_ll.1.0,11,-3.55,2,0,763.29,30.11,17.6,111.6,605,26,crash,0,TRUE,-10,740.78,758.38,899.18
127,2020-10-14 08:12:46.581458+00:00,jold_ll -- tkarch,jold_ll.1.0,10,-3.55,0,2,770.67,723.59,10,93.9,610,11,offscreen,0,TRUE,-10,47.08,57.08,137.08
126,2020-10-14 08:12:35.972009+00:00,jold_ll -- tkarch,jold_ll.1.0,9,-4.27,2,0,704.97,358.23,8.1,83.3,308,9,offscreen,0,TRUE,-10,344.84,352.94,417.74
125,2020-10-14 08:12:27.188147+00:00,jold_ll -- tkarch,jold_ll.1.0,8,-4.34,2,0,701.48,172.34,11.2,74.5,451,16,offscreen,0,TRUE,-10,530.34,541.54,631.14
124,2020-10-14 08:12:15.300583+00:00,jold_ll -- tkarch,jold_ll.1.0,7,-4.34,0,2,739.42,823.64,2.8,62.6,69,5,offscreen,0,TRUE,-10,77.02,79.82,102.22
123,2020-10-14 08:12:11.979378+00:00,jold_ll -- tkarch,jold_ll.1.0,6,-4.19,0,2,596.95,825,5.1,59.3,131,7,offscreen,0,TRUE,-10,223.15,228.25,269.05
122,2020-10-14 08:12:06.215342+00:00,jold_ll -- tkarch,jold_ll.1.0,5,3.56,0,2,700.83,247.73,8.2,53.5,204,9,offscreen,0,TRUE,-10,451.3,459.5,525.1
121,2020-10-14 08:11:56.928216+00:00,jold_ll -- tkarch,jold_ll.1.0,4,3.82,0,2,588.89,328.52,8.8,44.2,341,10,offscreen,0,TRUE,-10,259.17,267.97,338.37
120,2020-10-14 08:11:47.495191+00:00,jold_ll -- tkarch,jold_ll.1.0,3,-3.8,2,0,747.81,261.57,10,34.8,277,9,offscreen,0,TRUE,-10,486.24,496.24,576.24
119,2020-10-14 08:11:35.425369+00:00,jold_ll -- tkarch,jold_ll.1.0,2,-4.37,0,2,649.17,746.53,4,22.7,76,4,offscreen,0,TRUE,-10,91.36,95.36,127.36
118,2020-10-14 08:11:29.073233+00:00,jold_ll -- tkarch,jold_ll.1.0,1,-3.62,0,2,626.17,714.33,5.8,16.4,206,5,offscreen,0,TRUE,-10,83.96,89.76,136.16
213,2020-10-15 12:45:03.119928+00:00,jold_ll -- HÃ©lÃ¨ne,jold_ll.1.0,58,-1.78,2,0,785.91,766.1,2.6,419.4,72,0,termination,0,TRUE,-10,12.41,15.01,35.81
212,2020-10-15 12:44:59.184724+00:00,jold_ll -- HÃ©lÃ¨ne,jold_ll.1.0,57,-1.76,0,2,632.94,634.6,3.9,415.4,70,4,offscreen,0,TRUE,-10,-4.44,-0.54,30.66
211,2020-10-15 12:44:53.937885+00:00,jold_ll -- HÃ©lÃ¨ne,jold_ll.1.0,56,-1.75,0,2,577.35,715.88,5.4,410.2,181,3,offscreen,0,TRUE,-10,133.93,139.33,182.53
210,2020-10-15 12:44:47.880602+00:00,jold_ll -- HÃ©lÃ¨ne,jold_ll.1.0,55,-1.57,2,0,686.79,740.37,1.5,404.1,39,3,offscreen,0,TRUE,-10,45.08,46.58,58.58
209,2020-10-15 12:44:44.865948+00:00,jold_ll -- HÃ©lÃ¨ne,jold_ll.1.0,54,-1.95,2,0,661.8,492.75,5.4,401.1,242,3,crash,0,TRUE,-10,164.45,169.85,213.05
208,2020-10-15 12:44:38.815030+00:00,jold_ll -- HÃ©lÃ¨ne,jold_ll.1.0,53,-1.69,2,0,696.59,588.3,6.5,395.1,295,3,offscreen,0,TRUE,-10,104.79,111.29,163.29
207,2020-10-15 12:44:31.067259+00:00,jold_ll -- HÃ©lÃ¨ne,jold_ll.1.0,52,1.97,0,2,660.51,44.22,10.6,387.3,339,5,crash,0,TRUE,-10,616.89,627.49,712.29
206,2020-10-15 12:44:18.903334+00:00,jold_ll -- HÃ©lÃ¨ne,jold_ll.1.0,51,-1.6,2,0,596.13,636.49,10,375.2,239,4,crash,0,TRUE,-10,40.36,50.36,130.36
205,2020-10-15 12:44:07.736114+00:00,jold_ll -- HÃ©lÃ¨ne,jold_ll.1.0,50,-2.05,0,2,632.16,701.3,5.6,364,220,16,offscreen,0,TRUE,-10,64.74,70.34,115.14
204,2020-10-15 12:44:01.297333+00:00,jold_ll -- HÃ©lÃ¨ne,jold_ll.1.0,49,1.67,2,0,655.72,529.56,5.8,357.6,309,9,crash,0,TRUE,-10,121.96,127.76,174.16
203,2020-10-15 12:43:53.811829+00:00,jold_ll -- HÃ©lÃ¨ne,jold_ll.1.0,48,-2.27,0,2,759.72,801.84,2.4,350.1,0,0,offscreen,0,TRUE,-10,34.52,36.92,56.12
202,2020-10-15 12:43:50.215291+00:00,jold_ll -- HÃ©lÃ¨ne,jold_ll.1.0,47,-1.94,0,2,686.12,816.68,4.4,346.5,45,2,offscreen,0,TRUE,-10,124.96,129.36,164.56
201,2020-10-15 12:43:44.702209+00:00,jold_ll -- HÃ©lÃ¨ne,jold_ll.1.0,46,1.84,0,2,669.41,284.08,8.2,341,147,12,offscreen,0,TRUE,-10,383.53,391.73,457.33
200,2020-10-15 12:43:33.691559+00:00,jold_ll -- HÃ©lÃ¨ne,jold_ll.1.0,45,2.18,0,2,745.25,619.92,4.5,329.9,60,1,offscreen,0,TRUE,-10,119.83,124.33,160.33
199,2020-10-15 12:43:28.122472+00:00,jold_ll -- HÃ©lÃ¨ne,jold_ll.1.0,44,1.6,2,0,676.37,644.37,6.6,324.4,453,31,crash,0,TRUE,-10,28.6,35.2,88
198,2020-10-15 12:43:20.242427+00:00,jold_ll -- HÃ©lÃ¨ne,jold_ll.1.0,43,2.17,2,0,704.03,753.95,2.6,316.5,0,0,offscreen,0,TRUE,-10,42.52,45.12,65.92
197,2020-10-15 12:43:16.427616+00:00,jold_ll -- HÃ©lÃ¨ne,jold_ll.1.0,42,-2.06,0,2,676.17,657.09,6.5,312.7,394,23,crash,0,TRUE,-10,15.58,22.08,74.08
196,2020-10-15 12:43:08.841552+00:00,jold_ll -- HÃ©lÃ¨ne,jold_ll.1.0,41,1.99,0,2,817.78,462.48,5.2,305.1,318,4,crash,0,TRUE,-10,350.5,355.7,397.3
195,2020-10-15 12:43:02.624478+00:00,jold_ll -- HÃ©lÃ¨ne,jold_ll.1.0,40,-1.78,0,2,797.58,829.54,2.4,298.9,58,0,offscreen,0,TRUE,-10,24.36,26.76,45.96
194,2020-10-15 12:42:59.141462+00:00,jold_ll -- HÃ©lÃ¨ne,jold_ll.1.0,39,-1.89,0,2,750.48,75.43,0,295.4,0,0,crash,0,TRUE,-10,665.05,665.05,665.05
193,2020-10-15 12:42:59.139745+00:00,jold_ll -- HÃ©lÃ¨ne,jold_ll.1.0,38,-1.83,2,0,617.06,75.43,6.6,295.4,455,1,crash,0,TRUE,-10,538.23,544.83,597.63
192,2020-10-15 12:42:51.587161+00:00,jold_ll -- HÃ©lÃ¨ne,jold_ll.1.0,37,-1.97,0,2,591.61,704.3,4.8,287.8,197,2,offscreen,0,TRUE,-10,107.49,112.29,150.69
191,2020-10-15 12:42:45.686561+00:00,jold_ll -- HÃ©lÃ¨ne,jold_ll.1.0,36,-1.99,2,0,691.94,298.67,5.6,281.9,362,3,crash,0,TRUE,-10,388.87,394.47,439.27
190,2020-10-15 12:42:37.804470+00:00,jold_ll -- HÃ©lÃ¨ne,jold_ll.1.0,35,-1.65,2,0,656.81,193.18,6.7,274.1,364,5,offscreen,0,TRUE,-10,460.33,467.03,520.63
189,2020-10-15 12:42:30.268803+00:00,jold_ll -- HÃ©lÃ¨ne,jold_ll.1.0,34,2.18,0,2,701.18,328.36,5.6,266.5,385,1,crash,0,TRUE,-10,368.42,374.02,418.82
188,2020-10-15 12:42:23.584149+00:00,jold_ll -- HÃ©lÃ¨ne,jold_ll.1.0,33,-2.11,2,0,744.01,366.26,5.5,259.8,282,8,crash,0,TRUE,-10,373.25,378.75,422.75
187,2020-10-15 12:42:16.763857+00:00,jold_ll -- HÃ©lÃ¨ne,jold_ll.1.0,32,2.11,2,0,683.63,615.94,5.6,253,370,2,crash,0,TRUE,-10,63.29,68.89,113.69
186,2020-10-15 12:42:08.864927+00:00,jold_ll -- HÃ©lÃ¨ne,jold_ll.1.0,31,-2.01,0,2,609.95,681.38,1.7,245.1,33,1,offscreen,0,TRUE,-10,63.13,64.83,78.43
185,2020-10-15 12:42:06.206105+00:00,jold_ll -- HÃ©lÃ¨ne,jold_ll.1.0,30,1.74,0,2,657.91,472.46,5.5,242.5,349,4,crash,0,TRUE,-10,180.95,186.45,230.45
184,2020-10-15 12:41:58.856141+00:00,jold_ll -- HÃ©lÃ¨ne,jold_ll.1.0,29,-2.21,0,2,710.46,757.25,2.9,235.1,84,0,offscreen,0,TRUE,-10,39.69,42.59,65.79
183,2020-10-15 12:41:52.802335+00:00,jold_ll -- HÃ©lÃ¨ne,jold_ll.1.0,28,2.31,0,2,689.19,285.77,7,229.1,316,5,offscreen,0,TRUE,-10,400.42,407.42,463.42
182,2020-10-15 12:41:44.808669+00:00,jold_ll -- HÃ©lÃ¨ne,jold_ll.1.0,27,-2.32,2,0,757.77,403.18,4.6,221.1,209,5,crash,0,TRUE,-10,349.19,353.79,390.59
181,2020-10-15 12:41:38.809458+00:00,jold_ll -- HÃ©lÃ¨ne,jold_ll.1.0,26,1.52,2,0,655.95,579.56,5.7,215.1,344,3,crash,0,TRUE,-10,72.09,77.79,123.39
180,2020-10-15 12:41:29.025558+00:00,jold_ll -- HÃ©lÃ¨ne,jold_ll.1.0,25,-1.73,0,2,647.87,729.12,2.1,205.3,51,2,offscreen,0,TRUE,-10,73.35,75.45,92.25
179,2020-10-15 12:41:24.993375+00:00,jold_ll -- HÃ©lÃ¨ne,jold_ll.1.0,24,-2.1,0,2,752.7,758.39,3,201.3,165,1,offscreen,0,TRUE,-10,-1.31,1.69,25.69
178,2020-10-15 12:41:21.130345+00:00,jold_ll -- HÃ©lÃ¨ne,jold_ll.1.0,23,-2.15,0,2,769.21,626.85,5.4,197.4,303,1,crash,0,TRUE,-10,137.76,143.16,186.36
177,2020-10-15 12:41:14.976045+00:00,jold_ll -- HÃ©lÃ¨ne,jold_ll.1.0,22,-2.23,2,0,684.76,251.07,4.7,191.2,175,5,crash,0,TRUE,-10,428.39,433.09,470.69
176,2020-10-15 12:41:07.641375+00:00,jold_ll -- HÃ©lÃ¨ne,jold_ll.1.0,21,-1.79,0,2,768.99,667.37,5.7,183.9,401,0,crash,0,TRUE,-10,97.32,103.02,148.62
175,2020-10-15 12:41:00.994381+00:00,jold_ll -- HÃ©lÃ¨ne,jold_ll.1.0,20,-2.08,0,2,718.95,663.4,0,177.3,0,0,crash,0,TRUE,-10,45.55,45.55,45.55
174,2020-10-15 12:41:00.992000+00:00,jold_ll -- HÃ©lÃ¨ne,jold_ll.1.0,19,-2.23,0,2,728.55,663.4,5.7,177.2,288,2,crash,0,TRUE,-10,60.85,66.55,112.15
173,2020-10-15 12:40:54.105177+00:00,jold_ll -- HÃ©lÃ¨ne,jold_ll.1.0,18,2.47,0,2,555.77,157.1,5.7,170.4,174,0,crash,0,TRUE,-10,394.37,400.07,445.67
172,2020-10-15 12:40:47.401553+00:00,jold_ll -- HÃ©lÃ¨ne,jold_ll.1.0,17,1.99,2,0,677.07,456.02,4.5,163.7,239,5,crash,0,TRUE,-10,215.55,220.05,256.05
171,2020-10-15 12:40:41.572635+00:00,jold_ll -- HÃ©lÃ¨ne,jold_ll.1.0,16,2.31,0,2,540.91,106.24,8.3,157.8,575,10,crash,0,TRUE,-10,432.97,441.27,507.67
170,2020-10-15 12:40:32.002906+00:00,jold_ll -- HÃ©lÃ¨ne,jold_ll.1.0,15,-2.5,0,2,649.35,605.17,6.5,148.3,402,2,crash,0,TRUE,-10,40.68,47.18,99.18
169,2020-10-15 12:40:24.399843+00:00,jold_ll -- HÃ©lÃ¨ne,jold_ll.1.0,14,1.93,0,2,571.86,262.51,5.1,140.7,354,4,crash,0,TRUE,-10,304.45,309.55,350.35
168,2020-10-15 12:40:17.915566+00:00,jold_ll -- HÃ©lÃ¨ne,jold_ll.1.0,13,-2.13,0,2,598.2,589.75,4.7,134.2,327,2,crash,0,TRUE,-10,3.15,7.85,45.45
167,2020-10-15 12:40:08.797954+00:00,jold_ll -- HÃ©lÃ¨ne,jold_ll.1.0,12,-1.78,2,0,508.8,202.61,6.5,125.1,301,2,crash,0,TRUE,-10,302.69,309.19,361.19
166,2020-10-15 12:40:01.452035+00:00,jold_ll -- HÃ©lÃ¨ne,jold_ll.1.0,11,-2.36,2,0,620.27,475.09,6.8,117.7,79,1,offscreen,0,TRUE,-10,141.98,148.78,203.18
165,2020-10-15 12:39:50.281279+00:00,jold_ll -- HÃ©lÃ¨ne,jold_ll.1.0,10,2.09,2,0,737.57,570.88,6,106.5,498,4,crash,0,TRUE,-10,162.69,168.69,216.69
164,2020-10-15 12:39:41.345983+00:00,jold_ll -- HÃ©lÃ¨ne,jold_ll.1.0,9,2.11,2,0,627.82,730.31,5.6,97.6,385,3,offscreen,0,TRUE,-10,98.09,103.69,148.49
163,2020-10-15 12:39:34.314928+00:00,jold_ll -- HÃ©lÃ¨ne,jold_ll.1.0,8,-1.88,0,2,606.4,542.5,5.7,90.6,142,1,crash,0,TRUE,-10,59.6,65.3,110.9
162,2020-10-15 12:39:26.540506+00:00,jold_ll -- HÃ©lÃ¨ne,jold_ll.1.0,7,1.97,2,0,757.55,731.83,4.8,82.8,245,1,offscreen,0,TRUE,-10,20.52,25.32,63.72
161,2020-10-15 12:39:18.778015+00:00,jold_ll -- HÃ©lÃ¨ne,jold_ll.1.0,6,-2.48,2,0,793.95,120.69,6.3,75,497,1,crash,0,TRUE,-10,669.56,675.86,726.26
160,2020-10-15 12:39:06.495066+00:00,jold_ll -- HÃ©lÃ¨ne,jold_ll.1.0,5,-2.1,2,0,800.19,37.2,7.1,62.8,489,4,crash,0,TRUE,-10,760.09,767.19,823.99
159,2020-10-15 12:38:56.450440+00:00,jold_ll -- HÃ©lÃ¨ne,jold_ll.1.0,4,-1.93,2,0,731.88,543.24,5.6,52.7,385,8,crash,0,TRUE,-10,184.24,189.84,234.64
158,2020-10-15 12:38:46.774023+00:00,jold_ll -- HÃ©lÃ¨ne,jold_ll.1.0,3,1.51,0,2,742.14,607.5,5.4,43,346,6,crash,0,TRUE,-10,130.04,135.44,178.64
157,2020-10-15 12:38:33.673183+00:00,jold_ll -- HÃ©lÃ¨ne,jold_ll.1.0,2,1.88,0,2,816.51,510.62,5.3,29.9,262,4,crash,0,TRUE,-10,301.19,306.49,348.89
156,2020-10-15 12:38:25.893016+00:00,jold_ll -- HÃ©lÃ¨ne,jold_ll.1.0,1,-2.38,0,2,626.45,634.62,5.6,22.1,102,2,crash,0,TRUE,-10,3.77,9.37,54.17
81,2020-10-13 08:38:00.910094+00:00,jold_ll -- camille3,jold_ll.1.0,48,0.24,0,1,364.14,343.51,3.8,391,34,2,termination,0,TRUE,-10,14.43,18.23,48.63
80,2020-10-13 08:37:56.154703+00:00,jold_ll -- camille3,jold_ll.1.0,47,0.25,1,2,541.34,47.73,6.5,386.2,162,8,crash,0,TRUE,-10,490.11,496.61,548.61
79,2020-10-13 08:37:48.935656+00:00,jold_ll -- camille3,jold_ll.1.0,46,0.3,1,2,445.13,196.93,4.7,378.8,149,3,crash,0,TRUE,-10,242.9,247.6,285.2
78,2020-10-13 08:37:41.171330+00:00,jold_ll -- camille3,jold_ll.1.0,45,-0.49,1,2,484.55,22.34,0,371.3,0,0,crash,0,TRUE,-10,452.21,452.21,452.21
77,2020-10-13 08:37:41.169945+00:00,jold_ll -- camille3,jold_ll.1.0,44,0,0,1,444.04,22.34,7.7,371.2,45,3,crash,0,TRUE,-10,419.4,427.1,488.7
76,2020-10-13 08:37:32.596864+00:00,jold_ll -- camille3,jold_ll.1.0,43,0.05,1,2,281.68,152.87,9,362.7,158,7,offscreen,0,TRUE,-10,127.81,136.81,208.81
75,2020-10-13 08:37:22.794861+00:00,jold_ll -- camille3,jold_ll.1.0,42,0.48,1,0,363.11,128.64,5.3,352.9,88,5,crash,0,TRUE,-10,229.77,235.07,277.47
74,2020-10-13 08:37:16.428791+00:00,jold_ll -- camille3,jold_ll.1.0,41,-0.25,1,0,339.85,105.57,5.1,346.5,152,5,crash,0,TRUE,-10,229.38,234.48,275.28
73,2020-10-13 08:37:10.005354+00:00,jold_ll -- camille3,jold_ll.1.0,40,0.25,1,0,410.29,90.48,5.3,340.1,103,6,crash,0,TRUE,-10,315.11,320.41,362.81
72,2020-10-13 08:37:02.536045+00:00,jold_ll -- camille3,jold_ll.1.0,39,-0.27,0,1,416.45,40.76,9,332.6,56,4,crash,0,TRUE,-10,374.69,383.69,455.69
71,2020-10-13 08:36:52.086847+00:00,jold_ll -- camille3,jold_ll.1.0,38,0.11,1,2,402.17,27.24,7.1,322.2,24,4,crash,0,TRUE,-10,372.03,379.13,435.93
70,2020-10-13 08:36:43.168968+00:00,jold_ll -- camille3,jold_ll.1.0,37,-0.24,0,1,428.07,26.94,7.5,313.2,36,2,crash,0,TRUE,-10,398.63,406.13,466.13
69,2020-10-13 08:36:34.136179+00:00,jold_ll -- camille3,jold_ll.1.0,36,-0.37,0,1,371.78,413.71,11.6,304.2,258,16,crash,0,TRUE,-10,43.53,55.13,147.93
68,2020-10-13 08:36:21.493137+00:00,jold_ll -- camille3,jold_ll.1.0,35,-0.28,1,2,416.03,176.52,10.3,291.6,291,11,offscreen,0,TRUE,-10,239.81,250.11,332.51
67,2020-10-13 08:36:10.070058+00:00,jold_ll -- camille3,jold_ll.1.0,34,-0.37,1,2,357.3,254.04,8.3,280.1,93,2,offscreen,0,TRUE,-10,101.56,109.86,176.26
66,2020-10-13 08:36:00.188166+00:00,jold_ll -- camille3,jold_ll.1.0,33,0.42,1,0,471.3,48.43,10.4,270.3,160,5,crash,0,TRUE,-10,423.27,433.67,516.87
65,2020-10-13 08:35:48.269565+00:00,jold_ll -- camille3,jold_ll.1.0,32,0.15,1,0,492.62,63.55,8.8,258.3,73,5,crash,0,TRUE,-10,427.87,436.67,507.07
64,2020-10-13 08:35:38.628149+00:00,jold_ll -- camille3,jold_ll.1.0,31,-0.44,1,0,320.85,165.39,7.5,248.7,70,2,offscreen,0,TRUE,-10,152.96,160.46,220.46
63,2020-10-13 08:35:30.058472+00:00,jold_ll -- camille3,jold_ll.1.0,30,0.43,1,0,477.75,374.53,5.7,240.1,78,2,offscreen,0,TRUE,-10,98.92,104.62,150.22
62,2020-10-13 08:35:22.874261+00:00,jold_ll -- camille3,jold_ll.1.0,29,-0.37,1,2,399.79,664.2,7.3,233,390,4,crash,0,TRUE,-10,261.71,269.01,327.41
61,2020-10-13 08:35:13.707556+00:00,jold_ll -- camille3,jold_ll.1.0,28,-0.46,1,0,566.87,90.35,4.6,223.8,147,2,crash,0,TRUE,-10,471.12,475.72,512.52
60,2020-10-13 08:35:07.106941+00:00,jold_ll -- camille3,jold_ll.1.0,27,-0.09,1,2,476.64,29.82,6.3,217.2,220,8,crash,0,TRUE,-10,443.12,449.42,499.82
59,2020-10-13 08:34:59.701267+00:00,jold_ll -- camille3,jold_ll.1.0,26,-0.11,0,1,446.11,22.77,5.2,209.8,169,4,crash,0,TRUE,-10,418.54,423.74,465.34
58,2020-10-13 08:34:53.081207+00:00,jold_ll -- camille3,jold_ll.1.0,25,-0.16,2,1,435.68,73.59,4.7,203.2,152,5,crash,0,TRUE,-10,356.79,361.49,399.09
57,2020-10-13 08:34:46.180120+00:00,jold_ll -- camille3,jold_ll.1.0,24,0.45,1,2,485.49,253.9,6.6,196.3,94,2,crash,0,TRUE,-10,228.19,234.79,287.59
56,2020-10-13 08:34:38.043906+00:00,jold_ll -- camille3,jold_ll.1.0,23,-0.48,1,0,504.83,57.02,5.5,188.1,307,4,crash,0,TRUE,-10,443.31,448.81,492.81
55,2020-10-13 08:34:30.410951+00:00,jold_ll -- camille3,jold_ll.1.0,22,0.4,0,1,427.71,204.63,5.4,180.5,141,2,crash,0,TRUE,-10,218.48,223.88,267.08
54,2020-10-13 08:34:23.755869+00:00,jold_ll -- camille3,jold_ll.1.0,21,-0.05,1,2,379.02,130.19,4.8,173.8,263,6,crash,0,TRUE,-10,243.63,248.43,286.83
53,2020-10-13 08:34:17.135208+00:00,jold_ll -- camille3,jold_ll.1.0,20,-0.13,1,0,351.39,234.45,6.2,167.2,279,3,offscreen,0,TRUE,-10,113.14,119.34,168.94
52,2020-10-13 08:34:08.883590+00:00,jold_ll -- camille3,jold_ll.1.0,19,0.13,0,1,463.4,10.21,6.6,159,235,4,crash,0,TRUE,-10,449.79,456.39,509.19
51,2020-10-13 08:34:01.522914+00:00,jold_ll -- camille3,jold_ll.1.0,18,0.07,2,1,416.12,270.68,0,151.6,0,0,crash,0,TRUE,-10,135.44,135.44,135.44
50,2020-10-13 08:34:01.515131+00:00,jold_ll -- camille3,jold_ll.1.0,17,0.43,1,0,450.15,270.68,4,151.6,160,2,crash,0,TRUE,-10,173.47,177.47,209.47
49,2020-10-13 08:33:56.350906+00:00,jold_ll -- camille3,jold_ll.1.0,16,-0.43,1,2,371.35,174.96,5.1,146.4,271,3,crash,0,TRUE,-10,191.49,196.59,237.39
48,2020-10-13 08:33:50.011474+00:00,jold_ll -- camille3,jold_ll.1.0,15,0.41,2,1,479.77,480.24,5.8,140.1,322,5,offscreen,0,TRUE,-10,-3.73,2.07,48.47
47,2020-10-13 08:33:42.311087+00:00,jold_ll -- camille3,jold_ll.1.0,14,0.02,1,0,333.44,26.55,5.8,132.4,154,3,crash,0,TRUE,-10,302.69,308.49,354.89
46,2020-10-13 08:33:33.676697+00:00,jold_ll -- camille3,jold_ll.1.0,13,-0.15,1,0,482.19,75.05,5.8,123.8,154,3,crash,0,TRUE,-10,402.94,408.74,455.14
45,2020-10-13 08:33:25.222246+00:00,jold_ll -- camille3,jold_ll.1.0,12,0.03,1,2,413.22,128.35,9.9,115.3,508,9,crash,0,TRUE,-10,284.77,294.67,373.87
44,2020-10-13 08:33:13.968103+00:00,jold_ll -- camille3,jold_ll.1.0,11,0.42,0,1,301.64,63.68,5.9,104,232,4,crash,0,TRUE,-10,233.86,239.76,286.96
43,2020-10-13 08:33:06.947006+00:00,jold_ll -- camille3,jold_ll.1.0,10,-0.22,2,1,384.12,329.39,9.4,97,464,17,crash,0,TRUE,-10,54.13,63.53,138.73
42,2020-10-13 08:32:56.330383+00:00,jold_ll -- camille3,jold_ll.1.0,9,0,1,0,551.01,302.06,3.7,86.4,215,4,crash,0,TRUE,-10,242.65,246.35,275.95
41,2020-10-13 08:32:51.647001+00:00,jold_ll -- camille3,jold_ll.1.0,8,0.47,0,1,483.55,263.73,5.4,81.7,250,3,crash,0,TRUE,-10,215.22,220.62,263.82
40,2020-10-13 08:32:45.199092+00:00,jold_ll -- camille3,jold_ll.1.0,7,-0.32,1,2,435.66,22.46,5.9,75.3,144,6,crash,0,TRUE,-10,409.1,415,462.2
39,2020-10-13 08:32:37.808051+00:00,jold_ll -- camille3,jold_ll.1.0,6,-0.18,2,1,370.79,389.31,5.4,67.9,309,5,crash,0,TRUE,-10,13.92,19.32,62.52
38,2020-10-13 08:32:31.104734+00:00,jold_ll -- camille3,jold_ll.1.0,5,-0.24,1,0,410.38,13.62,6.2,61.2,244,6,crash,0,TRUE,-10,392.96,399.16,448.76
37,2020-10-13 08:32:22.431463+00:00,jold_ll -- camille3,jold_ll.1.0,4,-0.3,1,0,276.55,238.85,9.1,52.5,525,7,offscreen,0,TRUE,-10,36.8,45.9,118.7
36,2020-10-13 08:32:11.366676+00:00,jold_ll -- camille3,jold_ll.1.0,3,0.31,0,1,382.35,261.34,7,41.4,303,7,crash,0,TRUE,-10,118.01,125.01,181.01
35,2020-10-13 08:32:02.578835+00:00,jold_ll -- camille3,jold_ll.1.0,2,0.04,2,1,326.87,404.01,2.6,32.7,53,2,offscreen,0,TRUE,-10,69.74,72.34,93.14
34,2020-10-13 08:31:56.601276+00:00,jold_ll -- camille3,jold_ll.1.0,1,0.03,1,0,538.23,472.25,6,26.7,151,8,crash,0,TRUE,-10,61.98,67.98,115.98
352,2021-02-14 14:19:36.104606+00:00,jold_ll -- Djib,jold_ll.1.0,32,3.62,2,0,534.81,98.68,8,368.5,651,13,termination,0,TRUE,-10,434.13,442.13,506.13
351,2021-02-14 14:19:27.620145+00:00,jold_ll -- Djib,jold_ll.1.0,31,3.79,2,0,675.83,679.5,1.8,360,118,4,offscreen,0,TRUE,-10,-4.53,-2.73,11.67
350,2021-02-14 14:19:25.220477+00:00,jold_ll -- Djib,jold_ll.1.0,30,-3.82,0,2,617.92,253.65,4,357.6,435,5,crash,0,TRUE,-10,358.27,362.27,394.27
349,2021-02-14 14:19:20.152956+00:00,jold_ll -- Djib,jold_ll.1.0,29,4.35,0,2,639.29,65.81,4.4,352.5,306,5,crash,0,TRUE,-10,567.88,572.28,607.48
348,2021-02-14 14:19:15.037523+00:00,jold_ll -- Djib,jold_ll.1.0,28,-4,2,0,705.27,15.18,13.8,347.4,744,28,crash,0,TRUE,-10,693.89,707.69,818.09
347,2021-02-14 14:19:00.720900+00:00,jold_ll -- Djib,jold_ll.1.0,27,-4.5,0,2,757.96,388.07,4,333.1,262,3,crash,0,TRUE,-10,363.89,367.89,399.89
346,2021-02-14 14:18:55.710802+00:00,jold_ll -- Djib,jold_ll.1.0,26,-3.87,0,2,685.46,676.39,2.4,328.1,111,5,offscreen,0,TRUE,-10,1.47,3.87,23.07
345,2021-02-14 14:18:52.298850+00:00,jold_ll -- Djib,jold_ll.1.0,25,-4,0,2,589.16,34.77,16.5,324.7,1258,27,crash,0,TRUE,-10,560.89,577.39,709.39
344,2021-02-14 14:18:35.167375+00:00,jold_ll -- Djib,jold_ll.1.0,24,3.9,0,2,690.14,5.08,13.2,307.5,949,19,crash,0,TRUE,-10,688.26,701.46,807.06
343,2021-02-14 14:18:21.267288+00:00,jold_ll -- Djib,jold_ll.1.0,23,-3.68,2,0,556.72,49.11,45.9,293.6,1955,85,crash,0,TRUE,-10,543.51,589.41,956.61
342,2021-02-14 14:17:34.800119+00:00,jold_ll -- Djib,jold_ll.1.0,22,4.34,0,2,584.26,126.24,6.4,247.2,600,8,crash,0,TRUE,-10,454.42,460.82,512.02
341,2021-02-14 14:17:27.939574+00:00,jold_ll -- Djib,jold_ll.1.0,21,-3.81,0,2,650.52,354.54,10.5,240.3,918,16,offscreen,0,TRUE,-10,296.48,306.98,390.98
340,2021-02-14 14:17:16.906348+00:00,jold_ll -- Djib,jold_ll.1.0,20,-3.68,2,0,559.74,19.82,5.3,229.3,381,8,crash,0,TRUE,-10,535.22,540.52,582.92
339,2021-02-14 14:17:09.953413+00:00,jold_ll -- Djib,jold_ll.1.0,19,4.36,2,0,639.05,7.64,11.8,222.3,485,20,crash,0,TRUE,-10,633.21,645.01,739.41
338,2021-02-14 14:16:57.363160+00:00,jold_ll -- Djib,jold_ll.1.0,18,4.29,0,2,766.3,17.82,29.4,209.7,1018,54,crash,0,TRUE,-10,767.88,797.28,1032.48
337,2021-02-14 14:16:26.994282+00:00,jold_ll -- Djib,jold_ll.1.0,17,-3.56,0,2,672.03,3.65,0,179.4,0,0,crash,0,TRUE,-10,658.38,658.38,658.38
336,2021-02-14 14:16:26.980931+00:00,jold_ll -- Djib,jold_ll.1.0,16,4.26,2,0,500.13,3.65,21,179.3,1602,36,crash,0,TRUE,-10,507.48,528.48,696.48
335,2021-02-14 14:16:05.536801+00:00,jold_ll -- Djib,jold_ll.1.0,15,4.22,0,2,710.58,113.11,8,157.9,651,10,crash,0,TRUE,-10,595.47,603.47,667.47
334,2021-02-14 14:15:56.806614+00:00,jold_ll -- Djib,jold_ll.1.0,14,-4.39,0,2,627.85,97.57,6.1,149.2,445,7,crash,0,TRUE,-10,526.38,532.48,581.28
333,2021-02-14 14:15:50.279377+00:00,jold_ll -- Djib,jold_ll.1.0,13,3.63,0,2,571.88,160.68,18.9,142.6,704,27,offscreen,0,TRUE,-10,420.1,439,590.2
332,2021-02-14 14:15:30.941180+00:00,jold_ll -- Djib,jold_ll.1.0,12,-3.51,0,2,632.66,726.12,4.2,123.3,306,3,offscreen,0,TRUE,-10,87.66,91.86,125.46
331,2021-02-14 14:15:25.788282+00:00,jold_ll -- Djib,jold_ll.1.0,11,3.56,2,0,590.59,610,6,118.2,147,2,crash,0,TRUE,-10,15.41,21.41,69.41
330,2021-02-14 14:15:18.935658+00:00,jold_ll -- Djib,jold_ll.1.0,10,3.62,2,0,578.72,689.99,4.9,111.3,99,5,offscreen,0,TRUE,-10,106.17,111.07,150.27
329,2021-02-14 14:15:12.986199+00:00,jold_ll -- Djib,jold_ll.1.0,9,-3.76,2,0,701.55,229.07,8.4,105.4,213,10,offscreen,0,TRUE,-10,470.88,479.28,546.48
328,2021-02-14 14:15:03.732730+00:00,jold_ll -- Djib,jold_ll.1.0,8,3.88,0,2,616.6,176.7,9.6,96.1,203,12,offscreen,0,TRUE,-10,439.5,449.1,525.9
327,2021-02-14 14:14:53.213882+00:00,jold_ll -- Djib,jold_ll.1.0,7,-4.42,2,0,644.81,257.83,8.7,85.6,133,8,offscreen,0,TRUE,-10,385.68,394.38,463.98
326,2021-02-14 14:14:43.439921+00:00,jold_ll -- Djib,jold_ll.1.0,6,3.89,2,0,674.63,733.25,4.4,75.8,132,5,offscreen,0,TRUE,-10,53.02,57.42,92.62
325,2021-02-14 14:14:37.829457+00:00,jold_ll -- Djib,jold_ll.1.0,5,4.25,0,2,498.73,9.77,5.8,70.2,63,4,crash,0,TRUE,-10,484.76,490.56,536.96
324,2021-02-14 14:14:30.972246+00:00,jold_ll -- Djib,jold_ll.1.0,4,-3.68,0,2,627.85,684.08,3.1,63.3,35,1,offscreen,0,TRUE,-10,49.33,52.43,77.23
323,2021-02-14 14:14:24.888334+00:00,jold_ll -- Djib,jold_ll.1.0,3,3.98,0,2,539.84,281.9,7.2,57.3,393,9,offscreen,0,TRUE,-10,255.14,262.34,319.94
322,2021-02-14 14:13:44.211889+00:00,jold_ll -- Djib,jold_ll.1.0,2,-4.43,2,0,562.91,137.3,0,16.6,0,0,crash,0,TRUE,-10,415.61,415.61,415.61
321,2021-02-14 14:13:44.207111+00:00,jold_ll -- Djib,jold_ll.1.0,1,-3.85,2,0,514.93,137.3,6.3,16.6,153,4,crash,0,TRUE,-10,373.93,380.23,430.63
308,2021-02-13 13:39:26.424366+00:00,jold_ll -- anaiavu,jold_ll.1.0,30,1.83,0,2,594.35,193.55,7.1,432.7,239,5,termination,0,TRUE,-10,397.9,405,461.8
307,2021-02-13 13:39:18.520101+00:00,jold_ll -- anaiavu,jold_ll.1.0,29,-1.78,0,2,589.12,665.34,1.9,424.8,46,2,offscreen,0,TRUE,-10,68.12,70.02,85.22
306,2021-02-13 13:39:15.346671+00:00,jold_ll -- anaiavu,jold_ll.1.0,28,-2.07,2,0,675.04,302.02,9.8,421.6,423,9,offscreen,0,TRUE,-10,372.82,382.62,461.02
305,2021-02-13 13:39:01.511535+00:00,jold_ll -- anaiavu,jold_ll.1.0,27,-2.26,0,2,563.09,68.2,9,407.8,405,7,crash,0,TRUE,-10,493.89,502.89,574.89
304,2021-02-13 13:38:51.871298+00:00,jold_ll -- anaiavu,jold_ll.1.0,26,1.75,0,2,687.55,195.87,8.7,398.1,352,12,offscreen,0,TRUE,-10,490.38,499.08,568.68
303,2021-02-13 13:38:42.231941+00:00,jold_ll -- anaiavu,jold_ll.1.0,25,1.6,0,2,549.06,93.7,11.4,388.5,188,10,crash,0,TRUE,-10,456.76,468.16,559.36
302,2021-02-13 13:38:29.913410+00:00,jold_ll -- anaiavu,jold_ll.1.0,24,-2.2,0,2,569.12,698.22,11.3,376.2,263,13,offscreen,0,TRUE,-10,130.4,141.7,232.1
301,2021-02-13 13:38:17.540132+00:00,jold_ll -- anaiavu,jold_ll.1.0,23,-1.82,2,0,538.19,153.61,11.6,363.8,356,22,offscreen,0,TRUE,-10,386.18,397.78,490.58
300,2021-02-13 13:38:05.233316+00:00,jold_ll -- anaiavu,jold_ll.1.0,22,-1.89,0,2,728.88,805.04,2.5,351.5,77,5,offscreen,0,TRUE,-10,68.66,71.16,91.16
299,2021-02-13 13:38:01.669644+00:00,jold_ll -- anaiavu,jold_ll.1.0,21,2.27,2,0,665.88,445.6,10.2,347.9,265,7,crash,0,TRUE,-10,220.48,230.68,312.28
298,2021-02-13 13:37:50.761658+00:00,jold_ll -- anaiavu,jold_ll.1.0,20,-1.52,0,2,615.37,337.24,23,337,633,32,crash,0,TRUE,-10,291.13,314.13,498.13
297,2021-02-13 13:37:21.029072+00:00,jold_ll -- anaiavu,jold_ll.1.0,19,2.19,0,2,574.18,8.22,8.1,307.3,131,10,crash,0,TRUE,-10,564.06,572.16,636.96
296,2021-02-13 13:37:12.160937+00:00,jold_ll -- anaiavu,jold_ll.1.0,18,2.25,2,0,600.25,602.25,6.4,298.4,148,5,crash,0,TRUE,-10,-1.6,4.8,56
295,2021-02-13 13:37:04.761592+00:00,jold_ll -- anaiavu,jold_ll.1.0,17,-1.87,0,2,677.42,554.92,4.8,291,194,5,crash,0,TRUE,-10,117.3,122.1,160.5
294,2021-02-13 13:36:58.781218+00:00,jold_ll -- anaiavu,jold_ll.1.0,16,-1.82,2,0,601,155.69,28.2,285,957,37,offscreen,0,TRUE,-10,463.51,491.71,717.31
293,2021-02-13 13:36:29.783302+00:00,jold_ll -- anaiavu,jold_ll.1.0,15,2.47,2,0,662.92,553.84,6.2,256,188,12,crash,0,TRUE,-10,105.28,111.48,161.08
292,2021-02-13 13:36:22.822878+00:00,jold_ll -- anaiavu,jold_ll.1.0,14,1.9,0,2,632.82,432.72,7.7,249.1,173,8,offscreen,0,TRUE,-10,197.8,205.5,267.1
291,2021-02-13 13:36:14.259411+00:00,jold_ll -- anaiavu,jold_ll.1.0,13,1.71,0,2,561.03,90.76,9,240.5,118,8,crash,0,TRUE,-10,469.27,478.27,550.27
290,2021-02-13 13:36:03.169133+00:00,jold_ll -- anaiavu,jold_ll.1.0,12,-2,2,0,579.69,152.97,9,229.4,318,10,offscreen,0,TRUE,-10,425.72,434.72,506.72
289,2021-02-13 13:35:53.340660+00:00,jold_ll -- anaiavu,jold_ll.1.0,11,1.75,0,2,536.38,118.31,7.1,219.6,170,11,crash,0,TRUE,-10,415.17,422.27,479.07
288,2021-02-13 13:35:43.594880+00:00,jold_ll -- anaiavu,jold_ll.1.0,10,-2.29,0,2,531.74,613.3,26,209.9,746,24,crash,0,TRUE,-10,97.56,123.56,331.56
287,2021-02-13 13:35:16.704924+00:00,jold_ll -- anaiavu,jold_ll.1.0,9,2,0,2,693.21,166.19,9.5,183,296,9,offscreen,0,TRUE,-10,526.52,536.02,612.02
286,2021-02-13 13:35:11.469444+00:00,jold_ll -- anaiavu,jold_ll.1.0,8,2.16,0,2,703.43,313.66,15.8,172.4,440,12,crash,0,TRUE,-10,395.57,411.37,537.77
285,2021-02-13 13:34:49.221985+00:00,jold_ll -- anaiavu,jold_ll.1.0,7,1.78,2,0,593.91,145.23,5.7,155.5,207,5,crash,0,TRUE,-10,444.38,450.08,495.68
284,2021-02-13 13:34:41.674951+00:00,jold_ll -- anaiavu,jold_ll.1.0,6,2.13,0,2,564.49,11.32,9.1,147.9,280,13,crash,0,TRUE,-10,552.27,561.37,634.17
283,2021-02-13 13:34:30.499759+00:00,jold_ll -- anaiavu,jold_ll.1.0,5,2.35,0,2,640.99,51.45,9,136.8,249,7,crash,0,TRUE,-10,588.54,597.54,669.54
282,2021-02-13 13:34:18.268647+00:00,jold_ll -- anaiavu,jold_ll.1.0,4,2.02,2,0,604.47,454.28,10.8,124.5,159,7,offscreen,0,TRUE,-10,150.99,161.79,248.19
281,2021-02-13 13:34:06.412178+00:00,jold_ll -- anaiavu,jold_ll.1.0,3,1.73,0,2,635.62,196.69,8.6,112.7,234,12,offscreen,0,TRUE,-10,437.53,446.13,514.93
280,2021-02-13 13:32:57.286704+00:00,jold_ll -- anaiavu,jold_ll.1.0,2,-1.69,2,0,674.58,337.21,6.3,43.5,149,8,crash,0,TRUE,-10,333.67,339.97,390.37
279,2021-02-13 13:32:28.554882+00:00,jold_ll -- anaiavu,jold_ll.1.0,1,2.28,0,2,572.7,371.35,5.8,14.8,127,5,offscreen,0,TRUE,-10,197.15,202.95,249.35